category,subtype,common_name_ro,common_name_en,scientific_name,indoor_ok,toxic_flag,edible_part,primary_use,fertility_need,pruning_need,growth_rate,kc_ini,kc_mid,kc_end,kc_dev,root_depth_min_m,root_depth_max_m,depletion_fraction_p,allowable_depletion_pct,stage_days_ini,stage_days_dev,stage_days_mid,stage_days_end,growth_cycle,maturity_days_min,maturity_days_max,juvenile_years_to_bearing,spacing_row_m,spacing_plant_m,default_density_plants_m2,canopy_cover_max_frac,shade_tolerance,drought_tolerance,salinity_tolerance,typ_irrig_method,kc_source_tag,root_depth_source,water_stress_sensitive_stage,ph_min,ph_max,frost_tolerance_c,temp_opt_min_c,temp_opt_max_c
Agriculture,PLANT_WHEAT,Grâu,Wheat,Triticum aestivum,No,No,Grain,Grain,MEDIUM,LOW,FAST,0.3,1.15,0.25,,1.0,1.5,0.55,55,25,40,50,25,Annual,120,180,0,0.15,0.03,222.22,0.9,LOW,MED,MED,SPRINKLER,FAO56,FAO56,Flowering/Grain filling,5.5,7.5,-20,15,25
Agriculture,PLANT_BARLEY,Orz,Barley,Hordeum vulgare,No,No,Grain,Grain,MEDIUM,LOW,FAST,0.3,1.15,0.25,,1.0,1.5,0.55,55,20,30,40,20,Annual,90,120,0,0.15,0.03,222.22,0.9,LOW,HIGH,HIGH,SPRINKLER,FAO56,FAO56,Flowering/Grain filling,6.0,8.0,-15,15,22
Agriculture,PLANT_MAIZE,Porumb,Maize (Corn),Zea mays,No,No,Grain,Grain,HIGH,LOW,FAST,0.3,1.15,0.4,,1.0,1.7,0.55,55,20,30,50,20,Annual,100,140,0,0.75,0.2,6.67,1.0,LOW,MED,LOW,SPRINKLER,FAO56,FAO56,Silking/Grain filling,5.5,7.5,0,20,30
Agriculture,PLANT_RICE,Orez,Rice,Oryza sativa,No,No,Grain,Grain,HIGH,LOW,FAST,1.2,1.2,0.9,,0.5,1.0,0.2,20,20,30,60,30,Annual,100,150,0,0.25,0.1,40.0,1.0,LOW,NONE,LOW,SURFACE,FAO56,FAO56,Flowering,5.0,7.0,0,25,32
Agriculture,PLANT_OAT,Ovăz,Oat,Avena sativa,No,No,Grain,Grain,MEDIUM,LOW,FAST,0.3,1.15,0.25,,1.0,1.5,0.55,55,20,30,40,20,Annual,90,120,0,0.15,0.03,222.22,0.9,LOW,MED,MED,RAINFED,FAO56,FAO56,Flowering/Grain filling,5.5,7.5,-10,15,25
Agriculture,PLANT_SORGHUM,Sorg,Sorghum,Sorghum bicolor,No,No,Grain,Grain,MEDIUM,LOW,FAST,0.3,1.15,0.3,,1.0,2.0,0.55,55,25,35,50,20,Annual,100,120,0,0.7,0.15,9.52,0.9,LOW,HIGH,MED,RAINFED,FAO56,FAO56,Flowering,5.5,7.5,0,25,32
Agriculture,PLANT_MILLET,Mei,Millet,Pennisetum glaucum,No,No,Grain,Grain,LOW,LOW,FAST,0.3,1.1,0.25,,1.0,2.0,0.55,55,20,30,40,20,Annual,60,90,0,0.5,0.1,20.0,0.9,LOW,HIGH,MED,RAINFED,FAO56,FAO56,Flowering,5.0,7.5,0,25,35
Agriculture,PLANT_SOYBEAN,Soia,Soybean,Glycine max,No,No,Seed,Oilseed,MEDIUM,LOW,MEDIUM,0.5,1.15,0.35,,0.6,1.3,0.5,50,25,35,40,20,Annual,90,120,0,0.5,0.1,20.0,0.9,LOW,MED,MED,SPRINKLER,FAO56,FAO56,Flowering/Pod filling,5.5,7.0,0,20,30
Agriculture,PLANT_PEANUT,Arahide,Peanut,Arachis hypogaea,No,No,Seed,Oilseed,LOW,LOW,MEDIUM,0.5,1.0,0.7,,0.5,1.0,0.5,50,20,30,60,20,Annual,120,150,0,0.6,0.15,11.11,0.8,LOW,MED,MED,SPRINKLER,FAO56,FAO56,Flowering/Peg formation,5.5,6.5,0,20,30
Agriculture,PLANT_SUNFLOWER,Floarea-soarelui,Sunflower,Helianthus annuus,No,No,Seed,Oilseed,MEDIUM,LOW,MEDIUM,0.4,1.0,0.35,,0.8,1.5,0.45,45,25,35,50,20,Annual,80,120,0,0.7,0.3,4.76,0.8,LOW,MED,MED,RAINFED,FAO56,FAO56,Flowering/Seed filling,6.0,7.5,0,20,30
Agriculture,PLANT_RAPESEED,Rapiță,Rapeseed (Canola),Brassica napus,No,No,Seed,Oilseed,HIGH,LOW,FAST,0.3,1.15,0.3,,1.0,1.5,0.6,60,20,40,50,20,Annual,90,120,0,0.3,0.1,33.33,0.9,LOW,MED,MED,RAINFED,FAO56,FAO56,Flowering/Pod filling,6.0,7.5,-5,15,25
Agriculture,PLANT_COTTON,Bumbac,Cotton,Gossypium hirsutum,No,No,Fiber (boll),Fiber,MEDIUM,LOW,MEDIUM,0.5,1.15,0.65,,1.0,1.7,0.65,65,30,50,60,30,Annual,150,180,0,1.0,0.2,5.0,0.8,LOW,MED,HIGH,SURFACE,FAO56,FAO56,Flowering/Boll development,5.5,7.5,0,20,30
Agriculture,PLANT_SUGARCANE,Trestie de zahăr,Sugarcane,Saccharum officinarum,No,No,Stem (juice),Sugar,HIGH,LOW,FAST,0.5,1.2,0.9,,1.2,2.0,0.65,65,30,90,240,60,Perennial,300,450,0,1.5,0.2,3.33,1.0,LOW,MED,MED,SURFACE,FAO56,FAO56,Stem elongation,6.0,8.0,5,25,35
Agriculture,PLANT_SUGARBEET,Sfeclă de zahăr,Sugar beet,Beta vulgaris,No,No,Root,Sugar,HIGH,LOW,FAST,0.5,1.15,0.8,,0.7,1.2,0.55,55,25,45,70,30,Annual,150,180,0,0.5,0.25,8.0,0.9,LOW,MED,HIGH,SPRINKLER,FAO56,FAO56,Root enlargement,6.0,8.0,-5,18,25
Agriculture,PLANT_FLAX,In,Flax,Linum usitatissimum,No,No,Seed/Fiber,Fiber,MEDIUM,LOW,FAST,0.5,1.0,0.8,,1.0,1.5,0.5,50,20,30,40,20,Annual,90,120,0,0.2,0.05,100.0,0.9,LOW,LOW,LOW,RAINFED,FAO56,FAO56,Flowering,5.5,7.5,-2,15,25
Agriculture,PLANT_SAFFLOWER,Șofrănel,Safflower,Carthamus tinctorius,No,No,Seed (oil),Oilseed,LOW,LOW,FAST,0.4,1.0,0.8,,1.0,2.0,0.6,60,25,40,50,25,Annual,120,150,0,1.0,0.15,6.67,0.8,LOW,HIGH,MED,RAINFED,FAO56,FAO56,Flowering,6.0,8.0,0,20,30
Agriculture,PLANT_SESAME,Susan,Sesame,Sesamum indicum,No,No,Seed (oil),Oilseed,LOW,LOW,FAST,0.5,1.0,0.8,,1.0,1.5,0.6,60,20,30,40,20,Annual,90,110,0,1.0,0.1,10.0,0.8,LOW,HIGH,MED,RAINFED,FAO56,FAO56,Flowering,5.0,8.0,2,25,35
Agriculture,PLANT_CASTOR,Ricin,Castorbean,Ricinus communis,No,Yes,None,Oilseed,MEDIUM,LOW,FAST,0.5,1.0,0.8,,1.0,2.0,0.5,50,30,50,80,30,Annual,150,180,0,1.0,0.5,2.0,0.7,LOW,MED,MED,RAINFED,FAO56,FAO56,Flowering,6.0,7.5,5,20,30
Agriculture,PLANT_TOBACCO,Tutun,Tobacco,Nicotiana tabacum,No,Yes,Leaf (cured),Stimulant,HIGH,LOW,MEDIUM,0.5,1.05,0.8,,0.8,1.5,0.5,50,30,40,60,30,Annual,100,130,0,1.0,0.5,2.0,0.9,LOW,LOW,MED,SPRINKLER,EST,EST,Leaf growth (mid-season),5.5,7.5,2,20,30
Agriculture,PLANT_ALFALFA,Lucernă,Alfalfa,Medicago sativa,No,No,Forage,Forage,MEDIUM,HIGH,FAST,0.4,1.2,1.15,,1.0,2.0,0.55,55,20,20,60,10,Perennial,30,40,0,0.2,0.1,50.0,1.0,LOW,MED,MED,SPRINKLER,FAO56,FAO56,Regrowth,6.5,8.0,-25,18,28
Gardening,PLANT_TOMATO,Tomată,Tomato,Solanum lycopersicum,No,No,Fruit,Vegetable,HIGH,MEDIUM,FAST,0.7,1.05,0.8,,0.7,1.5,0.4,40,30,40,50,20,Annual,60,90,0,1.0,0.5,2.0,0.8,LOW,LOW,MED,DRIP,FAO56,FAO56,Flowering/Fruit set,5.5,7.0,0,18,30
Gardening,PLANT_PEPPER,Ardei gras,Bell Pepper,Capsicum annuum,No,No,Fruit,Vegetable,HIGH,LOW,FAST,0.7,1.05,0.85,,0.5,1.0,0.3,30,30,40,50,20,Annual,60,90,0,0.6,0.4,4.17,0.7,LOW,LOW,LOW,DRIP,FAO56,FAO56,Flowering/Fruit set,5.5,7.0,0,20,30
Gardening,PLANT_EGGPLANT,Vânătă,Eggplant,Solanum melongena,No,No,Fruit,Vegetable,HIGH,LOW,FAST,0.7,1.05,0.85,,0.7,1.2,0.45,45,30,40,50,20,Annual,70,100,0,0.9,0.5,2.22,0.8,LOW,LOW,LOW,DRIP,FAO56,FAO56,Flowering/Fruit set,5.5,7.5,0,22,30
Gardening,PLANT_CUCUMBER,Castravete,Cucumber,Cucumis sativus,No,No,Fruit,Vegetable,MEDIUM,LOW,FAST,0.6,1.0,0.75,,0.7,1.2,0.5,50,20,30,40,10,Annual,50,70,0,1.2,0.3,2.78,0.9,LOW,LOW,LOW,DRIP,FAO56,FAO56,Flowering/Fruit filling,5.5,7.5,0,20,30
Gardening,PLANT_ZUCCHINI,Dovlecel,Zucchini,Cucurbita pepo,No,No,Fruit,Vegetable,MEDIUM,LOW,FAST,0.5,0.95,0.75,,0.6,1.0,0.5,50,20,30,40,10,Annual,50,60,0,1.0,0.5,2.0,0.8,LOW,LOW,LOW,DRIP,FAO56,FAO56,Flowering/Fruit set,6.0,7.5,0,20,30
Gardening,PLANT_PUMPKIN,Dovleac,Pumpkin,Cucurbita maxima,No,No,Fruit,Vegetable,MEDIUM,LOW,FAST,0.5,1.0,0.8,,1.0,1.5,0.35,35,25,30,45,20,Annual,90,120,0,2.0,1.0,0.5,0.9,LOW,MED,LOW,DRIP,FAO56,FAO56,Flowering/Fruit set,5.5,7.5,0,18,30
Gardening,PLANT_WATERMELON,Pepene verde,Watermelon,Citrullus lanatus,No,No,Fruit,Vegetable,MEDIUM,LOW,FAST,0.4,1.0,0.75,,0.8,1.5,0.4,40,25,30,50,15,Annual,80,100,0,2.0,1.0,0.5,0.9,LOW,MED,LOW,DRIP,FAO56,FAO56,Flowering/Fruit set,5.5,7.5,0,22,32
Gardening,PLANT_MELON,Pepene galben,Cantaloupe,Cucumis melo,No,No,Fruit,Vegetable,MEDIUM,LOW,FAST,0.5,1.0,0.75,,0.9,1.5,0.45,45,25,30,50,15,Annual,80,100,0,1.5,0.6,1.11,0.9,LOW,MED,LOW,DRIP,FAO56,FAO56,Flowering/Fruit set,6.0,7.5,0,22,32
Gardening,PLANT_CABBAGE,Varză,Cabbage,Brassica oleracea var. capitata,No,No,Leaves,Vegetable,HIGH,LOW,FAST,0.7,1.05,0.95,,0.5,0.8,0.45,45,30,60,50,15,Annual,90,120,0,0.6,0.4,4.17,0.9,LOW,LOW,LOW,SPRINKLER,FAO56,FAO56,Head formation,6.0,7.5,-5,15,22
Gardening,PLANT_CAULIFLOWER,Conopidă,Cauliflower,Brassica oleracea var. botrytis,No,No,Head,Vegetable,HIGH,LOW,FAST,0.7,1.05,0.95,,0.4,0.7,0.45,45,35,50,40,15,Annual,80,100,0,0.6,0.5,3.33,0.8,LOW,LOW,LOW,SPRINKLER,FAO56,FAO56,Head formation,6.0,7.5,-4,15,20
Gardening,PLANT_BROCCOLI,Broccoli,Broccoli,Brassica oleracea var. italica,No,No,Flower heads,Vegetable,HIGH,LOW,FAST,0.7,1.05,0.95,,0.4,0.6,0.45,45,35,45,40,15,Annual,80,100,0,0.5,0.5,4.0,0.8,LOW,LOW,LOW,SPRINKLER,FAO56,FAO56,Flower head formation,6.0,7.5,-5,15,22
Gardening,PLANT_LETTUCE,Salată verde,Lettuce,Lactuca sativa,No,No,Leaves,Vegetable,HIGH,LOW,FAST,0.7,1.0,0.95,,0.3,0.5,0.3,30,20,30,15,10,Annual,45,105,0,0.3,0.3,11.11,0.9,MED,LOW,LOW,SPRINKLER,FAO56,FAO56,Head formation,6.0,7.0,-2,10,20
Gardening,PLANT_SPINACH,Spanac,Spinach,Spinacia oleracea,No,No,Leaves,Vegetable,MEDIUM,LOW,FAST,0.7,1.05,0.95,,0.3,0.5,0.2,20,20,30,15,5,Annual,40,60,0,0.3,0.1,33.33,0.8,MED,LOW,LOW,SPRINKLER,FAO56,FAO56,Mid-season (leaf growth),6.0,7.5,-7,10,18
Gardening,PLANT_ONION,Ceapă,Onion (dry bulb),Allium cepa,No,No,Bulb,Vegetable,MEDIUM,LOW,FAST,0.7,1.05,0.95,,0.3,0.6,0.3,30,20,30,40,30,Annual,90,120,0,0.25,0.1,40.0,0.8,LOW,LOW,LOW,SPRINKLER,FAO56,FAO56,Bulb enlargement,6.0,7.0,-6,12,25
Gardening,PLANT_GARLIC,Usturoi,Garlic,Allium sativum,No,No,Bulb,Vegetable,MEDIUM,LOW,FAST,0.7,1.0,0.95,,0.3,0.5,0.3,30,20,30,40,20,Annual,90,120,0,0.25,0.1,40.0,0.7,LOW,LOW,LOW,SPRINKLER,FAO56,FAO56,Bulb enlargement,6.0,7.0,-10,12,20
Gardening,PLANT_CARROT,Morcov,Carrot,Daucus carota,No,No,Root,Vegetable,MEDIUM,LOW,FAST,0.7,1.05,0.95,,0.5,1.0,0.35,35,20,30,50,20,Annual,70,100,0,0.3,0.05,66.67,0.8,LOW,LOW,LOW,SPRINKLER,FAO56,FAO56,Root enlargement,5.5,7.0,-5,16,24
Gardening,PLANT_RADISH,Ridiche,Radish,Raphanus sativus,No,No,Root,Vegetable,LOW,LOW,FAST,0.7,0.9,0.85,,0.3,0.5,0.3,30,10,20,20,5,Annual,30,50,0,0.2,0.03,166.67,0.7,LOW,LOW,LOW,SPRINKLER,FAO56,FAO56,Root enlargement,5.5,6.8,-3,10,20
Gardening,PLANT_CELERY,Țelină,Celery,Apium graveolens,No,No,Stem,Vegetable,HIGH,LOW,MEDIUM,0.7,1.05,0.95,,0.3,0.5,0.2,20,25,40,95,20,Biennial,120,150,0,0.3,0.2,16.67,0.8,LOW,LOW,LOW,SPRINKLER,FAO56,FAO56,Mid-season (stalk growth),6.0,7.0,-2,15,21
Gardening,PLANT_POTATO,Cartof,Potato,Solanum tuberosum,No,No,Tuber,Vegetable,HIGH,LOW,FAST,0.5,1.15,0.75,,0.4,0.6,0.35,35,25,30,40,15,Annual,90,120,0,0.75,0.3,4.44,0.9,LOW,LOW,MED,SPRINKLER,FAO56,FAO56,Tuber bulking,5.0,6.0,-2,15,20
Gardening,PLANT_SWEET_POTATO,Cartof dulce,Sweet Potato,Ipomoea batatas,No,No,Tuberous root,Vegetable,MEDIUM,LOW,FAST,0.5,1.1,0.75,,1.0,1.5,0.65,65,30,40,90,30,Annual,100,150,0,1.0,0.3,3.33,0.8,LOW,MED,LOW,SPRINKLER,FAO56,FAO56,Tuber bulking,5.5,6.5,5,21,26
Gardening,PLANT_CASSAVA,Manioc,Cassava,Manihot esculenta,No,Yes,Root,Vegetable,LOW,LOW,FAST,0.5,1.0,0.8,,0.5,1.0,0.35,35,90,180,365,30,Perennial,300,480,0,1.0,1.0,1.0,0.8,LOW,MED,LOW,RAINFED,FAO56,FAO56,Tuber bulking,5.5,7.5,10,25,30
Gardening,PLANT_TURNIP,Nap,Turnip,Brassica rapa subsp. rapa,No,No,Root,Vegetable,MEDIUM,LOW,FAST,0.7,1.0,0.85,,0.5,1.0,0.5,50,20,30,40,10,Biennial,60,90,0,0.4,0.2,12.5,0.7,LOW,LOW,LOW,SPRINKLER,FAO56,FAO56,Root enlargement,6.0,7.5,-8,15,20
Gardening,PLANT_PARSNIP,Păstârnac,Parsnip,Pastinaca sativa,No,No,Root,Vegetable,MEDIUM,LOW,FAST,0.5,1.0,0.8,,0.5,1.0,0.4,40,30,30,60,20,Biennial,100,120,0,0.4,0.2,12.5,0.7,LOW,LOW,LOW,SPRINKLER,FAO56,FAO56,Root enlargement,5.5,7.5,-5,15,22
Gardening,PLANT_TABLE_BEET,Sfeclă roșie,Table Beet,Beta vulgaris (table),No,No,Root,Vegetable,MEDIUM,LOW,FAST,0.5,1.05,0.95,,0.6,1.0,0.5,50,25,40,50,15,Biennial,60,80,0,0.4,0.1,25.0,0.8,LOW,LOW,MED,SPRINKLER,FAO56,FAO56,Root enlargement,6.0,7.5,-5,15,21
Gardening,PLANT_GREEN_BEAN,Fasole verde,Green Bean,Phaseolus vulgaris (green),No,No,Pod,Vegetable,MEDIUM,LOW,FAST,0.5,1.05,0.9,,0.5,0.7,0.45,45,15,25,40,10,Annual,50,70,0,0.5,0.1,20.0,0.8,LOW,LOW,LOW,SPRINKLER,FAO56,FAO56,Flowering/Pod filling,6.0,7.5,0,18,26
Gardening,PLANT_DRY_BEAN,Fasole uscată,Dry Bean,Phaseolus vulgaris (dry),No,No,Seed,Pulse,LOW,LOW,FAST,0.5,1.05,0.9,,0.6,0.9,0.45,45,20,30,40,20,Annual,90,110,0,0.5,0.1,20.0,0.8,LOW,LOW,LOW,RAINFED,FAO56,FAO56,Flowering/Pod filling,6.0,7.5,0,18,26
Gardening,PLANT_PEA,Mazăre,Pea,Pisum sativum,No,No,Pod/Seed,Vegetable,LOW,LOW,FAST,0.5,1.15,1.1,,0.6,1.0,0.35,35,20,30,40,10,Annual,60,80,0,0.5,0.1,20.0,0.8,LOW,LOW,LOW,SPRINKLER,FAO56,FAO56,Flowering/Pod filling,6.0,7.5,-4,13,18
Gardening,PLANT_CHICKPEA,Năut,Chickpea,Cicer arietinum,No,No,Seed,Pulse,LOW,LOW,MEDIUM,0.5,1.0,0.8,,0.6,1.0,0.5,50,30,40,50,20,Annual,90,120,0,0.4,0.15,16.67,0.7,LOW,MED,LOW,RAINFED,FAO56,FAO56,Flowering/Pod filling,6.0,7.0,0,21,26
Gardening,PLANT_LENTIL,Linte,Lentil,Lens culinaris,No,No,Seed,Pulse,LOW,LOW,FAST,0.5,1.0,0.8,,0.6,0.8,0.5,50,20,30,40,10,Annual,100,120,0,0.3,0.1,33.33,0.7,LOW,MED,LOW,RAINFED,FAO56,FAO56,Flowering/Pod filling,6.0,8.0,0,18,26
Gardening,PLANT_STRAWBERRY,Căpșun,Strawberry,Fragaria × ananassa,No,No,Fruit,Fruit,HIGH,LOW,FAST,0.7,1.0,0.9,,0.2,0.3,0.2,20,30,30,60,30,Perennial,60,90,0,0.3,0.3,11.11,0.9,LOW,LOW,LOW,DRIP,FAO56,FAO56,Flowering/Fruit set,5.5,6.5,-5,15,20
Gardening,PLANT_ARTICHOKE,Anghinare,Artichoke,Cynara scolymus,No,No,Flower bud,Vegetable,MEDIUM,LOW,MEDIUM,0.5,1.0,0.85,,0.6,0.9,0.45,45,30,50,60,20,Perennial,180,240,0,1.0,1.0,1.0,0.8,LOW,MED,LOW,DRIP,FAO56,FAO56,Bud formation,6.5,8.0,-2,18,24
Gardening,PLANT_ASPARAGUS,Sparanghel,Asparagus,Asparagus officinalis,No,No,Shoot,Vegetable,MEDIUM,LOW,MEDIUM,0.4,0.9,0.4,,1.2,1.8,0.45,45,20,30,999,30,Perennial,0,0,2,1.5,0.3,2.22,0.8,LOW,MED,LOW,SPRINKLER,FAO56,FAO56,Spear growth,6.0,8.0,-30,16,24
Gardening,PLANT_BRUSSELS_SPROUTS,Varză de Bruxelles,Brussels Sprouts,Brassica oleracea var. gemmifera,No,No,Buds,Vegetable,HIGH,LOW,MEDIUM,0.7,1.05,0.95,,0.4,0.6,0.45,45,30,60,80,30,Biennial,150,180,0,0.6,0.6,2.78,0.8,LOW,LOW,LOW,SPRINKLER,FAO56,FAO56,Head development,6.5,7.5,-10,15,20
Gardening,PLANT_KALE,Varză creață,Kale,Brassica oleracea var. sabellica,No,No,Leaves,Vegetable,MEDIUM,LOW,FAST,0.7,1.0,0.9,,0.5,0.8,0.45,45,25,35,40,20,Biennial,60,90,0,0.5,0.5,4.0,0.8,MED,LOW,LOW,SPRINKLER,EST,FAO56,Leaf growth,6.0,7.5,-15,15,20
Gardening,PLANT_SWEETCORN,Porumb dulce,Sweet Corn,Zea mays var. saccharata,No,No,Cob,Vegetable,HIGH,LOW,FAST,0.3,1.15,0.4,,0.8,1.2,0.5,50,20,30,40,10,Annual,70,90,0,0.75,0.2,6.67,0.9,LOW,MED,LOW,SPRINKLER,FAO56,FAO56,Silking/Kernel fill,5.5,7.0,0,18,30
Gardening,PLANT_BASIL,Busuioc,Basil,Ocimum basilicum,No,No,Leaves,Herb,MEDIUM,MEDIUM,FAST,0.7,1.0,0.9,,0.5,0.8,0.4,40,20,30,40,10,Annual,60,80,0,0.3,0.3,11.11,0.7,MED,LOW,LOW,MANUAL,EST,EST,Leaf production,5.5,6.5,5,20,30
Gardening,PLANT_PARSLEY,Pătrunjel,Parsley,Petroselinum crispum,No,No,Leaves,Herb,MEDIUM,LOW,FAST,0.7,0.9,0.8,,0.3,0.6,0.4,40,20,30,50,10,Biennial,70,90,0,0.25,0.1,40.0,0.6,MED,LOW,LOW,MANUAL,EST,EST,Leaf growth,6.0,7.0,-7,15,25
Gardening,PLANT_DILL,Mărar,Dill,Anethum graveolens,No,No,Leaves/Seeds,Herb,LOW,LOW,FAST,0.7,0.9,0.8,,0.3,0.5,0.4,40,15,25,30,10,Annual,60,80,0,0.2,0.1,50.0,0.5,LOW,LOW,LOW,MANUAL,EST,EST,Leaf growth,5.5,7.5,0,18,25
Gardening,PLANT_MINT,Mentă,Mint,Mentha spicata,No,No,Leaves,Herb,MEDIUM,MEDIUM,FAST,0.7,1.0,0.9,,0.4,0.8,0.4,40,25,30,50,15,Perennial,90,90,0,0.3,0.3,11.11,0.7,MED,LOW,LOW,SPRINKLER,FAO56,FAO56,Leaf production,6.0,7.5,-5,15,25
Gardening,PLANT_ROSEMARY,Rozmarin,Rosemary,Salvia rosmarinus,No,No,Leaves,Herb,LOW,LOW,SLOW,0.5,0.7,0.7,,0.5,1.0,0.45,45,30,60,999,0,Perennial,0,0,0,0.5,0.5,4.0,0.9,LOW,HIGH,LOW,DRIP,EST,EST,Initial establishment,6.5,7.5,-10,15,28
Gardening,PLANT_THYME,Cimbru,Thyme,Thymus vulgaris,No,No,Leaves,Herb,LOW,LOW,MEDIUM,0.5,0.7,0.7,,0.2,0.4,0.4,40,30,60,999,0,Perennial,0,0,0,0.3,0.3,11.11,0.5,MED,HIGH,LOW,DRIP,EST,EST,Initial growth,6.0,8.0,-15,15,25
Gardening,PLANT_SAGE,Salvie,Sage,Salvia officinalis,No,No,Leaves,Herb,LOW,LOW,MEDIUM,0.5,0.8,0.8,,0.5,1.0,0.45,45,30,60,999,0,Perennial,0,0,0,0.5,0.5,4.0,0.6,MED,HIGH,LOW,DRIP,EST,EST,Initial growth,6.5,7.5,-20,15,25
Gardening,PLANT_OREGANO,Oregano,Oregano,Origanum vulgare,No,No,Leaves,Herb,LOW,LOW,MEDIUM,0.5,0.8,0.8,,0.5,0.8,0.5,50,20,40,999,0,Perennial,0,0,0,0.3,0.3,11.11,0.6,LOW,HIGH,LOW,DRIP,EST,EST,Initial growth,6.0,8.0,-20,18,25
Gardening,PLANT_CHIVES,Arpagic,Chives,Allium schoenoprasum,No,No,Leaves,Herb,LOW,LOW,FAST,0.6,0.9,0.8,,0.3,0.5,0.4,40,20,30,999,0,Perennial,0,0,0,0.2,0.2,25.0,0.5,MED,LOW,LOW,MANUAL,EST,EST,Leaf growth,6.0,7.0,-30,15,25
Gardening,PLANT_TARRAGON,Tarhon,Tarragon,Artemisia dracunculus,No,No,Leaves,Herb,LOW,LOW,MEDIUM,0.5,0.8,0.8,,0.5,1.0,0.45,45,30,60,999,0,Perennial,0,0,0,0.5,0.5,4.0,0.6,LOW,MED,LOW,MANUAL,EST,EST,Initial growth,6.5,7.5,-15,16,24
Landscaping,PLANT_OAK,Stejar,Oak,Quercus robur,No,No,None,Shade/Timber,LOW,LOW,MEDIUM,0.5,0.8,0.8,,1.5,3.0,0.6,60,30,90,999,0,Perennial,0,0,0,10.0,10.0,0.01,0.7,LOW,MED,MED,RAINFED,EST,EST,None,5.0,7.5,-35,10,25
Landscaping,PLANT_MAPLE,Arțar,Maple,Acer platanoides,No,No,None,Shade,MEDIUM,LOW,MEDIUM,0.5,0.9,0.8,,1.0,2.0,0.5,50,30,60,999,0,Perennial,0,0,0,8.0,8.0,0.02,0.7,MED,MED,LOW,RAINFED,EST,EST,None,6.0,7.5,-40,10,20
Landscaping,PLANT_BIRCH,Mesteacăn,Birch,Betula pendula,No,No,None,Ornamental,LOW,LOW,FAST,0.5,0.8,0.7,,1.0,2.0,0.5,50,20,60,999,0,Perennial,0,0,0,6.0,6.0,0.03,0.6,LOW,LOW,LOW,RAINFED,EST,EST,None,5.0,6.5,-40,10,18
Landscaping,PLANT_ASH,Frasin,Ash,Fraxinus excelsior,No,No,None,Shade/Timber,MEDIUM,LOW,FAST,0.5,0.9,0.8,,1.0,2.0,0.5,50,30,60,999,0,Perennial,0,0,0,8.0,8.0,0.02,0.7,LOW,MED,LOW,RAINFED,EST,EST,None,6.0,8.0,-35,12,25
Landscaping,PLANT_ELM,Ulm,Elm,Ulmus glabra,No,No,None,Shade,MEDIUM,LOW,FAST,0.5,0.9,0.8,,1.0,2.0,0.5,50,30,60,999,0,Perennial,0,0,0,8.0,8.0,0.02,0.7,LOW,MED,LOW,RAINFED,EST,EST,None,6.0,7.5,-35,15,25
Landscaping,PLANT_PINE,Pin,Pine,Pinus sylvestris,No,No,None,Ornamental/Timber,LOW,LOW,MEDIUM,0.4,0.7,0.7,,1.0,1.5,0.7,70,0,0,999,0,Perennial,0,0,0,4.0,4.0,0.06,0.5,LOW,HIGH,LOW,RAINFED,FAO56,FAO56,None,4.5,6.5,-40,10,20
Landscaping,PLANT_SPRUCE,Molid,Spruce,Picea abies,No,No,None,Ornamental/Timber,LOW,LOW,MEDIUM,0.4,0.7,0.7,,1.0,1.5,0.7,70,0,0,999,0,Perennial,0,0,0,4.0,4.0,0.06,0.5,LOW,MED,LOW,RAINFED,FAO56,FAO56,None,4.5,6.5,-40,10,20
Landscaping,PLANT_CEDAR,Cedru,Cedar,Cedrus atlantica,No,No,None,Ornamental,LOW,LOW,SLOW,0.4,0.7,0.7,,1.0,2.0,0.7,70,0,0,999,0,Perennial,0,0,0,5.0,5.0,0.04,0.5,LOW,HIGH,LOW,RAINFED,EST,EST,None,6.0,7.5,-20,10,25
Landscaping,PLANT_CYPRESS,Chiparos,Cypress,Cupressus sempervirens,No,No,None,Ornamental,LOW,LOW,MEDIUM,0.4,0.7,0.7,,1.0,2.0,0.7,70,0,0,999,0,Perennial,0,0,0,3.0,3.0,0.11,0.4,LOW,HIGH,MED,RAINFED,EST,EST,None,7.0,8.0,-15,15,30
Landscaping,PLANT_WILLOW,Salcie,Willow,Salix alba,No,No,None,Shade,LOW,LOW,FAST,0.6,1.0,0.9,,0.5,1.0,0.5,50,30,60,999,0,Perennial,0,0,0,6.0,6.0,0.03,0.8,LOW,LOW,LOW,RAINFED,EST,EST,None,5.5,8.0,-40,12,20
Landscaping,PLANT_POPLAR,Plop,Poplar,Populus nigra,No,No,None,Shade/Timber,MEDIUM,LOW,FAST,0.5,0.9,0.8,,1.0,2.0,0.5,50,30,60,999,0,Perennial,0,0,0,5.0,5.0,0.04,0.7,LOW,MED,MED,RAINFED,EST,EST,None,5.5,7.5,-30,10,25
Landscaping,PLANT_MAGNOLIA,Magnolie,Magnolia,Magnolia grandiflora,No,No,None,Ornamental,MEDIUM,LOW,MEDIUM,0.5,0.8,0.8,,0.5,1.5,0.5,50,30,60,999,0,Perennial,0,0,0,5.0,5.0,0.04,0.6,MED,LOW,LOW,SPRINKLER,EST,EST,Flowering,5.5,6.5,-15,18,25
Landscaping,PLANT_PALM,Palmier,Palm (ornamental),Phoenix canariensis,No,No,None,Ornamental,MEDIUM,LOW,MEDIUM,0.6,0.8,0.8,,0.7,1.1,0.65,65,0,0,999,0,Perennial,0,0,0,5.0,5.0,0.04,0.5,LOW,MED,MED,SPRINKLER,FAO56,FAO56,None,6.0,7.5,-8,20,30
Landscaping,PLANT_YEW,Tis,Yew,Taxus baccata,No,Yes,None,Hedge,LOW,HIGH,SLOW,0.4,0.7,0.7,,0.5,1.0,0.5,50,0,0,999,0,Perennial,0,0,0,0.5,0.5,4.0,0.9,HIGH,MED,LOW,DRIP,EST,EST,None,6.0,7.0,-30,10,20
Landscaping,PLANT_JUNIPER,Ienupăr,Juniper,Juniperus communis,No,No,Berry (spice),Ornamental,LOW,LOW,SLOW,0.4,0.6,0.6,,0.5,1.0,0.5,50,0,0,999,0,Perennial,0,0,0,1.5,1.5,0.44,0.4,LOW,HIGH,LOW,RAINFED,EST,EST,None,5.0,7.0,-35,10,20
Landscaping,PLANT_TUJA,Tuia,Arborvitae (Thuja),Thuja occidentalis,No,No,None,Hedge,LOW,HIGH,MEDIUM,0.4,0.7,0.7,,0.5,1.0,0.5,50,0,0,999,0,Perennial,0,0,0,0.7,0.5,2.86,0.9,LOW,MED,LOW,DRIP,EST,EST,None,6.0,8.0,-35,10,20
Landscaping,PLANT_HOLLY,Ilex,Holly,Ilex aquifolium,No,Yes,None,Ornamental,MEDIUM,LOW,SLOW,0.5,0.7,0.7,,0.5,1.0,0.5,50,0,0,999,0,Perennial,0,0,0,2.0,2.0,0.25,0.5,HIGH,LOW,LOW,SPRINKLER,EST,EST,None,5.0,6.5,-20,10,20
Landscaping,PLANT_AZALEA,Azalee,Azalea,Rhododendron spp.,No,Yes,None,Ornamental,HIGH,LOW,SLOW,0.5,0.8,0.8,,0.3,0.6,0.5,50,0,0,999,0,Perennial,0,0,0,1.0,1.0,1.0,0.6,HIGH,LOW,LOW,SPRINKLER,EST,EST,Flowering,4.5,6.0,-25,12,20
Landscaping,PLANT_RHODODENDRON,Rododendron,Rhododendron,Rhododendron catawbiense,No,Yes,None,Ornamental,HIGH,LOW,SLOW,0.5,0.8,0.8,,0.3,0.6,0.5,50,0,0,999,0,Perennial,0,0,0,1.5,1.5,0.44,0.7,HIGH,LOW,LOW,SPRINKLER,EST,EST,Flowering,4.5,6.0,-25,12,20
Landscaping,PLANT_ROSE,Trandafir,Rose,Rosa sp.,No,No,None,Ornamental,HIGH,HIGH,MEDIUM,0.7,1.0,0.8,,0.5,1.5,0.5,50,30,50,999,0,Perennial,0,0,0,0.5,0.5,4.0,0.7,LOW,LOW,LOW,DRIP,EST,EST,Flowering,6.0,7.0,-20,18,25
Landscaping,PLANT_HYDRANGEA,Hortensie,Hydrangea,Hydrangea macrophylla,No,Yes,None,Ornamental,HIGH,MEDIUM,MEDIUM,0.7,1.0,0.9,,0.3,0.7,0.5,50,0,0,999,0,Perennial,0,0,0,1.5,1.5,0.44,0.7,MED,LOW,LOW,SPRINKLER,EST,EST,Flowering,5.0,6.5,-15,18,26
Landscaping,PLANT_BOUGAINVILLEA,Bougainvillea,Bougainvillea,Bougainvillea spectabilis,No,No,None,Ornamental,LOW,MEDIUM,FAST,0.5,0.8,0.8,,0.5,1.0,0.5,50,30,60,999,0,Perennial,0,0,0,2.0,2.0,0.25,0.7,LOW,HIGH,LOW,DRIP,EST,EST,None,5.5,6.5,0,22,30
Landscaping,PLANT_HIBISCUS,Hibiscus,Hibiscus,Hibiscus syriacus,No,No,None,Ornamental,MEDIUM,LOW,MEDIUM,0.5,0.9,0.75,,0.5,1.0,0.5,50,30,60,999,0,Perennial,0,0,0,2.0,2.0,0.25,0.6,LOW,LOW,LOW,SPRINKLER,EST,EST,Flowering,6.0,7.5,-20,20,30
Landscaping,PLANT_OLEANDER,Leandru,Oleander,Nerium oleander,No,Yes,None,Ornamental,LOW,LOW,FAST,0.5,0.8,0.8,,0.5,1.0,0.8,80,30,60,999,0,Perennial,0,0,0,3.0,3.0,0.11,0.7,LOW,HIGH,MED,DRIP,EST,EST,None,6.0,8.0,-5,20,35
Landscaping,PLANT_JASMINE,Iasomie,Jasmine,Jasminum officinale,No,No,None,Ornamental,MEDIUM,MEDIUM,FAST,0.5,0.9,0.8,,0.5,1.0,0.5,50,30,60,999,0,Perennial,0,0,0,2.0,2.0,0.25,0.6,LOW,LOW,LOW,DRIP,EST,EST,Flowering,6.0,7.5,-10,18,30
Landscaping,PLANT_IVY,Iederă,Ivy,Hedera helix,No,Yes,None,Groundcover/Vine,LOW,MEDIUM,FAST,0.6,0.9,0.9,,0.3,0.6,0.5,50,0,0,999,0,Perennial,0,0,0,0.5,0.5,4.0,1.0,HIGH,MED,LOW,DRIP,EST,EST,None,6.0,7.8,-25,10,20
Landscaping,PLANT_WISTERIA,Glicină,Wisteria,Wisteria sinensis,No,Yes,None,Ornamental vine,LOW,HIGH,FAST,0.5,0.9,0.8,,0.5,1.5,0.5,50,30,60,999,0,Perennial,0,0,0,4.0,4.0,0.06,0.8,LOW,LOW,LOW,DRIP,EST,EST,Flowering,6.0,7.0,-20,15,25
Landscaping,PLANT_TULIP,Lalea,Tulip,Tulipa gesneriana,No,Yes,None,Ornamental,MEDIUM,LOW,FAST,0.7,1.0,0.9,,0.2,0.3,0.3,30,30,30,20,10,Annual,60,90,0,0.15,0.15,44.44,0.8,LOW,LOW,LOW,MANUAL,EST,EST,Flowering,6.0,7.0,-20,12,18
Landscaping,PLANT_DAFFODIL,Narcisă,Daffodil,Narcissus pseudonarcissus,No,Yes,None,Ornamental,LOW,LOW,FAST,0.7,0.9,0.8,,0.2,0.3,0.3,30,30,30,20,10,Annual,50,80,0,0.15,0.15,44.44,0.7,LOW,LOW,LOW,MANUAL,EST,EST,Flowering,6.0,7.0,-20,10,16
Landscaping,PLANT_MARIGOLD,Crăițe,Marigold,Tagetes patula,No,No,None,Ornamental,LOW,LOW,FAST,0.4,0.8,0.75,,0.3,0.5,0.5,50,20,20,60,10,Annual,50,70,0,0.25,0.25,16.0,0.8,LOW,LOW,LOW,MANUAL,EST,EST,Flowering,6.0,7.5,0,18,24
Landscaping,PLANT_PETUNIA,Petunie,Petunia,Petunia hybrid,No,No,None,Ornamental,HIGH,LOW,FAST,0.7,1.0,0.9,,0.3,0.5,0.5,50,20,20,60,10,Annual,60,90,0,0.25,0.2,20.0,0.9,LOW,LOW,LOW,MANUAL,EST,EST,Flowering,6.0,7.5,5,18,26
Landscaping,PLANT_GERANIUM,Mușcată,Geranium,Pelargonium hortorum,No,No,None,Ornamental,MEDIUM,LOW,FAST,0.5,0.8,0.75,,0.3,0.6,0.5,50,20,30,120,20,Perennial,0,0,0,0.3,0.3,11.11,0.8,LOW,LOW,LOW,MANUAL,EST,EST,None,6.0,7.0,0,20,28
Landscaping,PLANT_PANSY,Panseluță,Pansy,Viola tricolor,No,No,None,Ornamental,MEDIUM,LOW,FAST,0.7,0.9,0.85,,0.2,0.3,0.5,50,30,40,90,20,Annual,60,90,0,0.2,0.2,25.0,0.7,HIGH,LOW,LOW,MANUAL,EST,EST,None,6.0,7.5,-5,10,18
Landscaping,PLANT_IMPATIENS,Sporul casei,Impatiens,Impatiens walleriana,No,No,None,Ornamental,MEDIUM,LOW,FAST,0.7,1.0,0.9,,0.2,0.5,0.5,50,20,20,90,10,Annual,60,90,0,0.2,0.2,25.0,0.8,HIGH,LOW,LOW,MANUAL,EST,EST,None,6.0,7.5,5,18,24
Landscaping,PLANT_CHRYSANTHEMUM,Crizantemă,Chrysanthemum,Chrysanthemum morifolium,No,No,None,Ornamental,HIGH,LOW,FAST,0.7,1.0,0.85,,0.3,0.6,0.5,50,30,60,60,20,Perennial,0,0,0,0.4,0.4,6.25,0.8,LOW,LOW,LOW,MANUAL,EST,EST,Flowering,6.0,7.5,-10,15,25
Landscaping,PLANT_DAISY,Margaretă,Shasta Daisy,Leucanthemum × superbum,No,No,None,Ornamental,LOW,LOW,FAST,0.7,0.9,0.8,,0.2,0.5,0.5,50,30,30,60,20,Perennial,0,0,0,0.3,0.3,11.11,0.7,LOW,LOW,LOW,MANUAL,EST,EST,None,6.0,8.0,-20,15,25
Landscaping,PLANT_LILY,Crin,Lily,Lilium candidum,No,Yes,None,Ornamental,MEDIUM,LOW,FAST,0.7,1.0,0.85,,0.3,0.6,0.5,50,30,60,30,10,Perennial,0,0,0,0.3,0.3,11.11,0.7,LOW,LOW,LOW,MANUAL,EST,EST,Flowering,6.0,7.0,-15,18,27
Landscaping,PLANT_IRIS,Stânjenel,Iris,Iris germanica,No,No,None,Ornamental,LOW,LOW,FAST,0.7,0.9,0.8,,0.3,0.5,0.5,50,30,30,30,10,Perennial,0,0,0,0.3,0.3,11.11,0.6,MED,LOW,LOW,MANUAL,EST,EST,Flowering,6.0,7.5,-20,15,25
Landscaping,PLANT_DAHLIA,Dalie,Dahlia,Dahlia pinnata,No,No,None,Ornamental,HIGH,LOW,FAST,0.7,1.0,0.8,,0.5,1.0,0.5,50,30,60,60,20,Perennial,0,0,0,0.5,0.5,4.0,0.8,LOW,LOW,LOW,MANUAL,EST,EST,Flowering,6.5,7.5,-5,18,26
Landscaping,PLANT_PEONY,Bujor,Peony,Paeonia officinalis,No,No,None,Ornamental,MEDIUM,LOW,SLOW,0.7,0.9,0.8,,0.5,1.0,0.5,50,30,60,60,20,Perennial,0,0,0,1.0,1.0,1.0,0.7,MED,LOW,LOW,MANUAL,EST,EST,Flowering,6.5,7.5,-30,15,25
Indoor,PLANT_MONSTERA,Monstera,Monstera,Monstera deliciosa,Yes,Yes,None,Ornamental,MEDIUM,MEDIUM,FAST,0.6,0.8,0.8,,0.3,1.0,0.5,50,0,0,999,0,Perennial,0,0,0,,,,,0.0,HIGH,LOW,LOW,MANUAL,EST,EST,None,5.5,7.5,10,18,30
Indoor,PLANT_SPIDER_PLANT,Voalul miresei,Spider Plant,Chlorophytum comosum,Yes,No,None,Ornamental,LOW,LOW,FAST,0.5,0.6,0.6,,0.2,0.4,0.5,50,0,0,999,0,Perennial,0,0,0,,,,,0.0,HIGH,MED,LOW,MANUAL,EST,EST,None,6.0,7.5,15,15,26
Indoor,PLANT_PEACE_LILY,Crinul păcii,Peace Lily,Spathiphyllum wallisii,Yes,Yes,None,Ornamental,MEDIUM,LOW,MEDIUM,0.7,0.9,0.9,,0.2,0.5,0.5,50,0,0,999,0,Perennial,0,0,0,,,,,0.0,HIGH,LOW,LOW,MANUAL,EST,EST,None,5.0,6.5,18,18,27
Indoor,PLANT_SNAKE_PLANT,Limba soacrei,Snake Plant,Dracaena trifasciata,Yes,No,None,Ornamental,LOW,LOW,SLOW,0.3,0.4,0.4,,0.2,0.4,0.5,50,0,0,999,0,Perennial,0,0,0,,,,,0.0,HIGH,HIGH,LOW,MANUAL,EST,EST,None,6.0,7.0,10,15,30
Indoor,PLANT_POTHOS,Iedera dracului,Pothos,Epipremnum aureum,Yes,Yes,None,Ornamental,LOW,MEDIUM,FAST,0.5,0.5,0.5,,0.2,0.5,0.5,50,0,0,999,0,Perennial,0,0,0,,,,,0.0,HIGH,MED,LOW,MANUAL,EST,EST,None,6.0,6.5,15,18,27
Indoor,PLANT_DRACAENA,Dracaena,Dracaena,Dracaena fragrans,Yes,Yes,None,Ornamental,LOW,LOW,SLOW,0.5,0.7,0.7,,0.3,0.7,0.5,50,0,0,999,0,Perennial,0,0,0,,,,,0.0,HIGH,MED,LOW,MANUAL,EST,EST,None,6.0,6.5,15,18,27
Indoor,PLANT_FICUS_LYRATA,Ficus lyrata,Fiddle Leaf Fig,Ficus lyrata,Yes,Yes,None,Ornamental,MEDIUM,MEDIUM,FAST,0.6,0.8,0.8,,0.5,1.0,0.5,50,0,0,999,0,Perennial,0,0,0,,,,,0.0,MED,MED,LOW,MANUAL,EST,EST,None,6.0,7.0,15,18,27
Indoor,PLANT_RUBBER_PLANT,Ficus cauciuc,Rubber Plant,Ficus elastica,Yes,Yes,None,Ornamental,MEDIUM,MEDIUM,FAST,0.6,0.8,0.8,,0.5,1.0,0.5,50,0,0,999,0,Perennial,0,0,0,,,,,0.0,MED,MED,LOW,MANUAL,EST,EST,None,5.5,7.5,15,18,27
Indoor,PLANT_ZZ_PLANT,Zamioculcas,ZZ Plant,Zamioculcas zamiifolia,Yes,Yes,None,Ornamental,LOW,LOW,SLOW,0.3,0.5,0.5,,0.2,0.5,0.5,50,0,0,999,0,Perennial,0,0,0,,,,,0.0,HIGH,HIGH,LOW,MANUAL,EST,EST,None,6.0,7.0,15,18,30
Indoor,PLANT_ARECA_PALM,Palmier Areca,Areca Palm,Dypsis lutescens,Yes,No,None,Ornamental,MEDIUM,LOW,FAST,0.6,0.8,0.8,,0.5,1.0,0.5,50,0,0,999,0,Perennial,0,0,0,,,,,0.0,MED,LOW,LOW,MANUAL,EST,EST,None,6.5,7.5,10,18,30
Indoor,PLANT_CROTON,Croton,Croton,Codiaeum variegatum,Yes,Yes,None,Ornamental,MEDIUM,LOW,MEDIUM,0.5,0.7,0.7,,0.3,0.6,0.5,50,0,0,999,0,Perennial,0,0,0,,,,,0.0,MED,LOW,LOW,MANUAL,EST,EST,None,6.0,7.5,15,20,30
Indoor,PLANT_DIEFFENBACHIA,Dieffenbachia,Dieffenbachia,Dieffenbachia seguine,Yes,Yes,None,Ornamental,MEDIUM,LOW,MEDIUM,0.6,0.8,0.8,,0.3,0.7,0.5,50,0,0,999,0,Perennial,0,0,0,,,,,0.0,HIGH,LOW,LOW,MANUAL,EST,EST,None,6.0,7.0,15,18,26
Indoor,PLANT_AFRICAN_VIOLET,Violeta africană,African Violet,Saintpaulia ionantha,Yes,No,None,Ornamental,MEDIUM,LOW,FAST,0.7,0.9,0.9,,0.1,0.2,0.5,50,0,0,999,0,Perennial,0,0,0,,,,,0.0,HIGH,LOW,LOW,MANUAL,EST,EST,None,6.0,7.0,15,18,24
Indoor,PLANT_BOSTON_FERN,Ferigă de apartament,Boston Fern,Nephrolepis exaltata,Yes,No,None,Ornamental,LOW,LOW,FAST,0.7,1.0,1.0,,0.2,0.4,0.5,50,0,0,999,0,Perennial,0,0,0,,,,,0.0,HIGH,LOW,LOW,MANUAL,EST,EST,None,5.0,6.0,15,18,24
Succulent,PLANT_ALOE_VERA,Aloe vera,Aloe Vera,Aloe vera,Yes,No,Leaves (gel),Medicinal,LOW,LOW,SLOW,0.2,0.4,0.3,,0.3,0.5,0.6,60,0,0,999,0,Perennial,0,0,0,0.5,0.5,4.0,0.4,LOW,HIGH,MED,DRIP,EST,EST,None,6.0,8.0,-3,20,30
Succulent,PLANT_AGAVE,Agave,Agave,Agave americana,No,Yes,None,Ornamental,LOW,LOW,SLOW,0.2,0.4,0.3,,0.5,1.0,0.8,80,0,0,999,0,Perennial,0,0,0,2.0,2.0,0.25,0.3,LOW,HIGH,MED,DRIP,EST,EST,None,6.5,8.5,-9,20,35
Succulent,PLANT_JADE_PLANT,Arborele de jad,Jade Plant,Crassula ovata,Yes,Yes,None,Ornamental,LOW,LOW,SLOW,0.2,0.3,0.3,,0.2,0.5,0.6,60,0,0,999,0,Perennial,0,0,0,0.5,0.5,4.0,0.3,LOW,HIGH,LOW,MANUAL,EST,EST,None,6.0,7.5,0,18,30
Succulent,PLANT_SEDUM,Sedum,Sedum,Sedum spurium,No,No,None,Groundcover,LOW,LOW,FAST,0.3,0.5,0.4,,0.2,0.3,0.5,50,0,0,999,0,Perennial,0,0,0,0.2,0.2,25.0,1.0,MED,HIGH,MED,DRIP,EST,EST,None,6.0,7.5,-30,10,30
Succulent,PLANT_SEMPERVIVUM,Urechelniță,Sempervivum,Sempervivum tectorum,No,No,None,Groundcover,LOW,LOW,FAST,0.3,0.5,0.4,,0.2,0.3,0.5,50,0,0,999,0,Perennial,0,0,0,0.2,0.2,25.0,1.0,LOW,HIGH,MED,DRIP,EST,EST,None,6.0,7.5,-25,10,25
Succulent,PLANT_OPUNTIA,Opuntia,Prickly Pear Cactus,Opuntia ficus-indica,No,No,Fruit/Pads,Fruit,LOW,LOW,SLOW,0.2,0.4,0.3,,0.8,1.5,0.5,50,0,0,999,0,Perennial,0,0,0,3.0,3.0,0.11,0.3,LOW,HIGH,HIGH,DRIP,EST,EST,None,6.0,8.0,-5,20,35
Succulent,PLANT_EUPHORBIA,Coroana lui Isus,Crown of Thorns,Euphorbia milii,Yes,Yes,None,Ornamental,LOW,LOW,SLOW,0.3,0.5,0.4,,0.3,0.5,0.5,50,0,0,999,0,Perennial,0,0,0,0.3,0.3,11.11,0.5,MED,HIGH,LOW,MANUAL,EST,EST,None,6.0,7.5,10,18,30
Succulent,PLANT_KALANCHOE,Kalanchoe,Kalanchoe,Kalanchoe blossfeldiana,Yes,Yes,None,Ornamental,LOW,LOW,SLOW,0.3,0.5,0.4,,0.2,0.5,0.5,50,0,0,999,0,Perennial,0,0,0,0.3,0.3,11.11,0.4,MED,HIGH,LOW,MANUAL,EST,EST,None,5.5,6.5,10,18,27
Succulent,PLANT_YUCCA,Yucca,Yucca,Yucca filamentosa,No,No,None,Ornamental,LOW,LOW,SLOW,0.3,0.5,0.4,,0.5,1.0,0.7,70,0,0,999,0,Perennial,0,0,0,1.0,1.0,1.0,0.4,LOW,HIGH,MED,DRIP,EST,EST,None,5.5,7.5,-20,15,30
Succulent,PLANT_BARREL_CACTUS,Cactus butoi,Barrel Cactus,Echinocactus grusonii,No,No,None,Ornamental,LOW,LOW,SLOW,0.1,0.3,0.2,,0.2,0.3,0.6,60,0,0,999,0,Perennial,0,0,0,1.0,1.0,1.0,0.2,LOW,HIGH,MED,DRIP,EST,EST,None,6.0,7.5,2,25,35
Fruit,PLANT_APPLE,Mar,Apple,Malus domestica,No,No,Fruit,Food,MEDIUM,MEDIUM,MEDIUM,0.45,1.05,0.75,,0.8,1.8,0.55,55,30,60,120,60,Perennial,0,0,4,3.5,1.5,,0.95,LOW,MED,LOW,DRIP,FAO56,FAO56,Flowering/Fruit set,6.0,7.5,-30,15,25
Fruit,PLANT_PEAR,Par,Pear,Pyrus communis,No,No,Fruit,Food,MEDIUM,MEDIUM,MEDIUM,0.45,1.05,0.75,,0.9,1.8,0.55,55,30,60,110,60,Perennial,0,0,5,3.5,2.0,,0.95,LOW,MED,LOW,DRIP,EST,FAO56,Flowering/Fruit set,6.0,7.5,-30,15,25
Fruit,PLANT_CHERRY,Cires,Sweet Cherry,Prunus avium,No,No,Fruit,Food,MEDIUM,MEDIUM,MEDIUM,0.45,1.05,0.8,,0.8,1.6,0.5,50,25,55,90,50,Perennial,0,0,4,5.0,4.0,,0.85,LOW,LOW,LOW,DRIP,EST,FAO56,Flowering/Fruit set,6.0,7.5,-25,15,24
Fruit,PLANT_SOUR_CHERRY,Visin,Sour Cherry,Prunus cerasus,No,No,Fruit,Food,MEDIUM,MEDIUM,MEDIUM,0.45,1.05,0.8,,0.8,1.5,0.5,50,25,55,90,50,Perennial,0,0,3,4.0,3.0,,0.85,LOW,LOW,LOW,DRIP,EST,FAO56,Flowering/Fruit set,6.0,7.5,-28,14,24
Fruit,PLANT_PLUM,Prun,Plum,Prunus domestica,No,No,Fruit,Food,MEDIUM,MEDIUM,MEDIUM,0.45,1.05,0.75,,0.9,1.8,0.5,50,30,60,110,50,Perennial,0,0,4,4.0,3.0,,0.9,LOW,MED,LOW,DRIP,EST,FAO56,Flowering/Fruit set,6.0,7.5,-28,15,25
Fruit,PLANT_PEACH,Piersic,Peach,Prunus persica,No,No,Fruit,Food,HIGH,MEDIUM,FAST,0.45,1.05,0.7,,0.8,1.5,0.5,50,25,60,110,45,Perennial,0,0,3,4.0,2.0,,0.9,LOW,LOW,LOW,DRIP,EST,FAO56,Flowering/Fruit set,6.0,7.5,-24,18,30
Fruit,PLANT_APRICOT,Cais,Apricot,Prunus armeniaca,No,No,Fruit,Food,MEDIUM,MEDIUM,FAST,0.45,1.05,0.7,,0.8,1.5,0.5,50,25,55,100,45,Perennial,0,0,3,4.5,3.0,,0.9,LOW,LOW,LOW,DRIP,EST,FAO56,Flowering/Fruit set,6.5,7.5,-24,16,28
Fruit,PLANT_QUINCE,Gutui,Quince,Cydonia oblonga,No,No,Fruit,Food,MEDIUM,MEDIUM,MEDIUM,0.45,1.0,0.7,,0.8,1.5,0.55,55,30,60,110,50,Perennial,0,0,4,4.0,3.0,,0.9,LOW,MED,LOW,DRIP,EST,FAO56,Flowering/Fruit set,6.0,7.5,-28,15,26
Fruit,PLANT_FIG,Smochin,Fig,Ficus carica,No,No,Fruit,Food,LOW,LOW,MEDIUM,0.4,0.9,0.6,,0.6,1.2,0.55,55,25,50,120,60,Perennial,0,0,2,4.0,3.0,,0.85,LOW,HIGH,MED,DRIP,EST,EST,Main crop set,6.0,8.0,-10,18,32
Fruit,PLANT_LEMON,Lamai,Lemon,Citrus limon,No,No,Fruit,Food,MEDIUM,MEDIUM,MEDIUM,0.55,0.95,0.8,,0.6,1.0,0.5,50,30,90,180,90,Perennial,0,0,3,4.0,3.0,,0.85,LOW,LOW,MED,DRIP,FAO56,FAO56,Flower/Fruit set,5.5,7.0,-3,18,32
Fruit,PLANT_ORANGE,Portocal,Orange,Citrus sinensis,No,No,Fruit,Food,MEDIUM,MEDIUM,MEDIUM,0.55,0.95,0.8,,0.6,1.0,0.5,50,30,90,180,90,Perennial,0,0,4,5.0,3.5,,0.9,LOW,MED,MED,DRIP,FAO56,FAO56,Flower/Fruit set,5.5,7.0,-4,18,32
Fruit,PLANT_MANDARIN,Mandarin,Mandarin,Citrus reticulata,No,No,Fruit,Food,MEDIUM,MEDIUM,MEDIUM,0.55,0.95,0.8,,0.6,1.0,0.5,50,30,90,180,90,Perennial,0,0,3,5.0,3.5,,0.9,LOW,MED,MED,DRIP,FAO56,FAO56,Flower/Fruit set,5.5,7.0,-4,18,30
Fruit,PLANT_GRAPEFRUIT,Grapefruit,Grapefruit,Citrus paradisi,No,No,Fruit,Food,MEDIUM,MEDIUM,MEDIUM,0.55,0.95,0.8,,0.6,1.0,0.5,50,30,90,180,90,Perennial,0,0,5,6.0,4.0,,0.9,LOW,MED,MED,DRIP,FAO56,FAO56,Flower/Fruit set,5.5,7.0,-4,20,32
Fruit,PLANT_LIME,Lime,Lime,Citrus aurantiifolia,No,No,Fruit,Food,MEDIUM,MEDIUM,MEDIUM,0.55,0.95,0.8,,0.6,1.0,0.5,50,30,90,180,90,Perennial,0,0,3,4.0,3.0,,0.85,LOW,LOW,MED,DRIP,FAO56,FAO56,Flower/Fruit set,5.5,7.0,-2,20,32
Fruit,PLANT_POMEGRANATE,Rodie,Pomegranate,Punica granatum,No,No,Fruit,Food,LOW,LOW,MEDIUM,0.45,0.9,0.7,,0.8,1.6,0.55,55,30,60,120,60,Perennial,0,0,3,5.0,3.0,,0.85,LOW,HIGH,MED,DRIP,EST,FAO56,Flowering/Fruit set,5.5,7.5,-12,20,34
Fruit,PLANT_PERSIMMON,Kaki,Persimmon,Diospyros kaki,No,No,Fruit,Food,LOW,LOW,SLOW,0.45,0.9,0.7,,0.8,1.5,0.5,50,30,60,130,60,Perennial,0,0,4,5.0,3.0,,0.85,LOW,MED,LOW,DRIP,EST,EST,Flowering/Fruit set,5.5,7.0,-15,18,30
Fruit,PLANT_OLIVE,Maslin,Olive,Olea europaea,No,No,Fruit/Oil,Food,LOW,LOW,SLOW,0.4,0.85,0.75,,0.8,1.8,0.6,60,60,90,150,120,Perennial,0,0,4,6.0,5.0,,0.85,HIGH,HIGH,HIGH,DRIP,FAO56,FAO56,Flower/Fruit set,5.5,8.5,-8,18,34
Fruit,PLANT_ALMOND,Migdal,Almond,Prunus dulcis,No,No,Seed,Food,MEDIUM,MEDIUM,MEDIUM,0.45,1.0,0.75,,0.9,1.8,0.55,55,30,60,120,60,Perennial,0,0,4,6.0,4.0,,0.85,LOW,MED,LOW,DRIP,EST,FAO56,Flowering/Nut fill,6.0,7.5,-20,16,30
Fruit,PLANT_WALNUT,Nuc,Walnut,Juglans regia,No,No,Seed,Food,LOW,MEDIUM,SLOW,0.45,1.0,0.85,,1.0,2.5,0.55,55,40,80,150,80,Perennial,0,0,6,8.0,8.0,,0.85,LOW,MED,LOW,SPRINKLER,EST,FAO56,Kernel fill,6.0,7.5,-28,15,28
Fruit,PLANT_HAZELNUT,Alun,Hazelnut,Corylus avellana,No,No,Seed,Food,LOW,MEDIUM,MEDIUM,0.45,0.95,0.8,,0.6,1.5,0.5,50,30,70,130,60,Perennial,0,0,3,4.0,4.0,,0.85,LOW,MED,LOW,DRIP,EST,EST,Flowering/Nut fill,5.5,7.5,-25,14,26
Fruit,PLANT_CHESTNUT,Castan,Chestnut,Castanea sativa,No,No,Seed,Food,LOW,LOW,MEDIUM,0.45,0.95,0.8,,1.0,2.0,0.55,55,40,90,170,80,Perennial,0,0,6,8.0,8.0,,0.85,LOW,MED,LOW,RAINFED,EST,EST,Flowering/Nut fill,5.0,6.5,-28,14,26
Fruit,PLANT_GRAPE,Vita de vie,Grape,Vitis vinifera,No,No,Fruit/Wine,Food,MEDIUM,MEDIUM,FAST,0.3,1.0,0.6,,0.6,1.5,0.45,45,25,35,60,40,Perennial,0,0,3,2.5,1.0,,0.85,LOW,MED,LOW,DRIP,FAO56,FAO56,Flowering/Berry fill,5.5,7.5,-18,18,32
Fruit,PLANT_KIWI,Kiwi,Kiwi,Actinidia deliciosa,No,No,Fruit,Food,MEDIUM,MEDIUM,FAST,0.45,1.05,0.8,,0.6,1.0,0.45,45,30,50,110,60,Perennial,0,0,3,4.0,5.0,,0.9,MED,LOW,LOW,DRIP,EST,EST,Flowering/Fruit set,5.5,7.0,-12,15,28
Fruit,PLANT_MULBERRY,Dud,Mulberry,Morus alba,No,No,Fruit,Food,LOW,LOW,FAST,0.45,0.95,0.75,,0.8,1.8,0.55,55,30,60,120,60,Perennial,0,0,3,6.0,5.0,,0.85,LOW,MED,LOW,RAINFED,EST,EST,Flowering/Fruit set,5.5,7.5,-25,16,30
Fruit,PLANT_PECAN,Pecan,Pecan,Carya illinoinensis,No,No,Seed,Food,LOW,MEDIUM,SLOW,0.45,1.0,0.85,,1.0,2.5,0.6,60,50,90,160,80,Perennial,0,0,6,10.0,10.0,,0.85,LOW,MED,MED,SPRINKLER,EST,EST,Flowering/Nut fill,6.0,7.5,-20,20,32
Fruit,PLANT_BERRY_BLUEBERRY,Afin,Blueberry,Vaccinium corymbosum,No,No,Fruit,Food,HIGH,LOW,MEDIUM,0.45,0.9,0.75,,0.3,0.6,0.35,35,25,45,80,40,Perennial,0,0,3,1.5,1.2,,0.85,MED,LOW,LOW,DRIP,EST,EST,Flowering/Berry fill,4.5,5.5,-25,14,26
Fruit,PLANT_BERRY_RASPBERRY,Zmeur,Raspberry,Rubus idaeus,No,No,Fruit,Food,MEDIUM,LOW,FAST,0.45,0.95,0.8,,0.4,1.0,0.4,40,25,45,70,40,Perennial,0,0,2,3.0,0.5,,0.9,MED,LOW,LOW,DRIP,EST,EST,Flowering/Berry fill,5.5,6.5,-25,14,26
Fruit,PLANT_BERRY_BLACKBERRY,Mur,Blackberry,Rubus fruticosus,No,No,Fruit,Food,MEDIUM,LOW,FAST,0.45,0.95,0.8,,0.5,1.2,0.4,40,25,50,80,40,Perennial,0,0,2,3.0,1.0,,0.9,LOW,LOW,LOW,DRIP,EST,EST,Flowering/Berry fill,5.5,7.0,-20,15,28
Fruit,PLANT_BERRY_STRAWBERRY_PERENN,Capsun (peren),Strawberry (perennial),Fragaria × ananassa,No,No,Fruit,Food,HIGH,LOW,FAST,0.7,1.0,0.9,,0.25,0.35,0.2,20,30,40,90,40,Perennial,0,0,0,0.35,0.35,,0.9,LOW,LOW,LOW,DRIP,FAO56,FAO56,Flowering/Fruit set,5.5,6.5,-8,14,24
Vegetable,PLANT_LEEK,Praz,Leek,Allium ampeloprasum,No,No,Stem,Vegetable,MEDIUM,LOW,MEDIUM,0.7,1.05,0.95,,0.4,0.6,0.35,35,25,35,60,20,Annual,100,120,0,0.25,0.1,,0.85,LOW,LOW,LOW,SPRINKLER,FAO56,FAO56,Shank growth,6.0,7.5,-8,12,22
Vegetable,PLANT_FENNEL,Fenicul,Fennel,Foeniculum vulgare,No,No,Bulb/Leaf,Vegetable,MEDIUM,LOW,MEDIUM,0.6,1.05,0.9,,0.5,0.7,0.35,35,25,35,55,15,Annual,90,110,0,0.4,0.25,,0.85,LOW,LOW,LOW,SPRINKLER,EST,FAO56,Bulb enlargement,6.0,7.5,-5,16,24
Vegetable,PLANT_OKRA,Bame,Okra,Abelmoschus esculentus,No,No,Pod,Vegetable,LOW,LOW,FAST,0.5,1.05,0.85,,0.6,1.2,0.5,50,25,35,70,30,Annual,80,110,0,0.9,0.4,,0.85,LOW,MED,LOW,DRIP,EST,EST,Flowering/Pod fill,6.0,7.5,5,20,32
Vegetable,PLANT_HORSERADISH,Hrean,Horseradish,Armoracia rusticana,No,No,Root,Vegetable,LOW,LOW,FAST,0.6,0.95,0.8,,0.5,1.0,0.45,45,25,40,80,30,Perennial,0,0,0,0.6,0.5,,0.9,LOW,MED,LOW,SPRINKLER,EST,EST,Root enlargement,6.0,7.5,-25,14,24
Vegetable,PLANT_JERUSALEM_ARTICHOKE,Topinambur,Jerusalem Artichoke,Helianthus tuberosus,No,No,Tuber,Vegetable,LOW,LOW,FAST,0.5,1.0,0.85,,0.6,1.2,0.5,50,25,50,80,40,Perennial,0,0,0,0.8,0.4,,0.9,LOW,HIGH,LOW,RAINFED,EST,EST,Tuber bulking,5.5,7.5,-20,16,28
Vegetable,PLANT_RHUBARB,Rubarba,Rhubarb,Rheum rhabarbarum,No,No,Petiole,Vegetable,MEDIUM,LOW,MEDIUM,0.6,0.95,0.85,,0.5,1.0,0.5,50,30,60,120,60,Perennial,0,0,1,1.0,1.0,,0.9,LOW,MED,LOW,DRIP,EST,EST,Stalk harvest,5.5,7.0,-25,10,22
Vegetable,PLANT_ENDIVE,Andiva,Endive,Cichorium endivia,No,No,Leaf,Vegetable,MEDIUM,LOW,FAST,0.7,1.0,0.9,,0.3,0.5,0.3,30,20,30,30,10,Annual,60,80,0,0.3,0.25,,0.85,MED,LOW,LOW,SPRINKLER,EST,FAO56,Leaf growth,6.0,7.5,-4,12,20
Vegetable,PLANT_RADICCHIO,Radicchio,Radicchio,Cichorium intybus var.,No,No,Leaf,Vegetable,MEDIUM,LOW,FAST,0.7,1.0,0.9,,0.3,0.5,0.3,30,20,35,35,10,Annual,70,90,0,0.3,0.25,,0.85,MED,LOW,LOW,SPRINKLER,EST,FAO56,Head formation,6.0,7.5,-4,12,20
Vegetable,PLANT_BOK_CHOY,Bok choy,Bok Choy,Brassica rapa subsp. chinensis,No,No,Leaf,Vegetable,MEDIUM,LOW,FAST,0.7,1.0,0.9,,0.3,0.5,0.3,30,15,20,25,10,Annual,40,55,0,0.3,0.2,,0.85,MED,LOW,LOW,SPRINKLER,EST,FAO56,Leaf growth,6.0,7.5,-4,12,20
Vegetable,PLANT_ARUGULA,Rucola,Arugula,Eruca sativa,No,No,Leaf,Vegetable,LOW,LOW,FAST,0.7,0.95,0.85,,0.25,0.4,0.3,30,10,15,15,5,Annual,35,50,0,0.25,0.2,,0.85,MED,LOW,LOW,SPRINKLER,EST,EST,Leaf growth,6.0,7.5,-4,10,22
Vegetable,PLANT_CHARD,Mangold,Swiss Chard,Beta vulgaris var. cicla,No,No,Leaf,Vegetable,MEDIUM,LOW,FAST,0.6,1.0,0.85,,0.4,0.8,0.4,40,20,40,80,30,Biennial,60,80,0,0.4,0.3,,0.9,MED,LOW,LOW,SPRINKLER,EST,FAO56,Leaf growth,6.0,7.5,-5,15,25
Vegetable,PLANT_OKRA_RED,Bame rosu,Okra (red),Abelmoschus spp.,No,No,Pod,Vegetable,LOW,LOW,FAST,0.5,1.05,0.85,,0.6,1.2,0.5,50,25,35,70,30,Annual,80,110,0,0.9,0.4,,0.85,LOW,MED,LOW,DRIP,EST,EST,Flowering/Pod fill,6.0,7.5,5,20,32
Herb,PLANT_LEMON_BALM,Roinita,Lemon Balm,Melissa officinalis,No,No,Leaf,Aromatic,LOW,LOW,FAST,0.6,0.9,0.85,,0.3,0.6,0.35,35,20,40,80,30,Perennial,0,0,0,0.3,0.3,,0.9,MED,LOW,LOW,MANUAL,EST,EST,Leaf growth,5.5,7.5,-20,15,25
Herb,PLANT_LEMON_VERBENA,Lamaïta,Lemon Verbena,Aloysia citriodora,No,No,Leaf,Aromatic,LOW,LOW,MEDIUM,0.5,0.85,0.8,,0.4,0.8,0.4,40,30,60,120,40,Perennial,0,0,0,0.6,0.5,,0.85,LOW,MED,LOW,DRIP,EST,EST,Leaf growth,6.0,7.5,-5,18,30
Herb,PLANT_STEVIA,Stevia,Stevia,Stevia rebaudiana,No,No,Leaf,Sweetener,LOW,LOW,MEDIUM,0.86,1.24,0.85,,0.3,0.5,0.35,35,20,34,18,24,Annual,96,96,0,0.4,0.2,,0.9,MED,LOW,LOW,DRIP,STUDY,EST,Leaf growth,6.0,7.5,5,18,30
Herb,PLANT_ECHINACEA,Echinacea,Echinacea,Echinacea purpurea,No,No,Flower/Root,Medicinal,LOW,LOW,MEDIUM,0.5,0.85,0.75,,0.5,0.9,0.45,45,30,60,120,40,Perennial,0,0,0,0.5,0.5,,0.9,MED,MED,LOW,DRIP,EST,EST,Flowering,6.0,7.5,-30,14,28
Herb,PLANT_CHAMOMILE,Musetel,Chamomile,Matricaria chamomilla,No,No,Flower,Medicinal,LOW,LOW,FAST,0.6,0.9,0.85,,0.25,0.4,0.3,30,15,25,40,15,Annual,60,70,0,0.2,0.15,,0.9,MED,LOW,LOW,MANUAL,EST,EST,Flowering,6.0,7.5,-6,14,26
Herb,PLANT_LOVAGE,Leustean,Lovage,Levisticum officinale,No,No,Leaf,Aromatic,MEDIUM,LOW,MEDIUM,0.6,0.95,0.85,,0.5,1.0,0.45,45,30,60,120,40,Perennial,0,0,0,0.5,0.5,,0.9,MED,LOW,LOW,DRIP,EST,EST,Leaf growth,6.0,7.5,-25,12,24
Herb,PLANT_CATNIP,Iarba matei,Catnip,Nepeta cataria,No,No,Leaf,Aromatic,LOW,LOW,FAST,0.5,0.85,0.75,,0.3,0.6,0.35,35,20,40,80,30,Perennial,0,0,0,0.3,0.3,,0.9,MED,LOW,LOW,MANUAL,EST,EST,Leaf growth,6.0,7.5,-25,12,26
Lawn,PLANT_BERMUDA_GRASS,Iarba Bermuda,Bermuda Grass,Cynodon dactylon,No,No,Leaf,Cover,MEDIUM,LOW,FAST,0.6,0.95,0.85,,0.3,0.6,0.25,25,15,35,80,50,Perennial,0,0,0,0.0,0.0,100.0,1.0,LOW,HIGH,MED,SPRINKLER,FAO56,FAO56,Mid-season,5.5,7.5,-5,22,35
Lawn,PLANT_ZOYSIA,Zoysia,Zoysia,Zoysia japonica,No,No,Leaf,Cover,LOW,LOW,SLOW,0.55,0.9,0.8,,0.3,0.6,0.25,25,20,45,100,40,Perennial,0,0,0,,,,100.0,1.0,MED,HIGH,MED,SPRINKLER,EST,FAO56,Mid-season,5.5,7.5,-10,20,33
Lawn,PLANT_ST_AUGUSTINE,St Augustine,St Augustine Grass,Stenotaphrum secundatum,No,No,Leaf,Cover,LOW,LOW,MEDIUM,0.6,0.95,0.85,,0.3,0.5,0.25,25,15,35,100,40,Perennial,0,0,0,,,,100.0,1.0,MED,MED,LOW,SPRINKLER,EST,EST,Mid-season,6.0,7.5,0,22,35
Lawn,PLANT_KENTUCKY_BLUEGRASS,Iarba Kentucky,Kentucky Bluegrass,Poa pratensis,No,No,Leaf,Cover,MEDIUM,LOW,MEDIUM,0.55,0.95,0.85,,0.08,0.15,0.25,25,15,40,120,40,Perennial,0,0,0,,,,100.0,1.0,MED,LOW,LOW,SPRINKLER,FAO56,FAO56,Mid-season,6.0,7.5,-25,15,28
Lawn,PLANT_TALL_FESCUE,Festuca inalta,Tall Fescue,Festuca arundinacea,No,No,Leaf,Cover,LOW,LOW,MEDIUM,0.55,0.9,0.85,,0.1,0.3,0.25,25,15,40,120,40,Perennial,0,0,0,,,,100.0,1.0,MED,MED,LOW,SPRINKLER,FAO56,FAO56,Mid-season,5.5,7.5,-25,12,28
Lawn,PLANT_FINE_FESCUE,Festuca fina,Fine Fescue,Festuca rubra,No,No,Leaf,Cover,LOW,LOW,SLOW,0.55,0.85,0.8,,0.08,0.2,0.25,25,15,40,120,40,Perennial,0,0,0,,,,100.0,1.0,HIGH,LOW,LOW,SPRINKLER,EST,FAO56,Mid-season,5.5,7.5,-30,10,24
Lawn,PLANT_PERENNIAL_RYEGRASS,Rai peren,Perennial Ryegrass,Lolium perenne,No,No,Leaf,Cover,HIGH,LOW,FAST,0.6,0.95,0.85,,0.1,0.25,0.25,25,10,35,90,40,Perennial,0,0,0,,,,100.0,1.0,MED,LOW,LOW,SPRINKLER,FAO56,FAO56,Mid-season,5.5,7.5,-15,12,24
Lawn,PLANT_ANNUAL_RYEGRASS,Rai anual,Annual Ryegrass,Lolium multiflorum,No,No,Leaf,Cover,MEDIUM,LOW,FAST,0.6,0.95,0.85,,0.1,0.25,0.25,25,10,35,60,20,Annual,60,120,0,,,,100.0,0.95,MED,LOW,LOW,SPRINKLER,FAO56,FAO56,Mid-season,5.5,7.5,-8,12,24
Lawn,PLANT_BUFFALO_GRASS,Buffalo,Buffalo Grass,Bouteloua dactyloides,No,No,Leaf,Cover,LOW,LOW,SLOW,0.5,0.85,0.75,,0.1,0.3,0.25,25,15,50,110,40,Perennial,0,0,0,,,,100.0,0.9,HIGH,HIGH,LOW,SPRINKLER,EST,EST,Mid-season,6.0,8.0,-20,20,32
Lawn,PLANT_CENTIPEDE_GRASS,Centipede,Centipede Grass,Eremochloa ophiuroides,No,No,Leaf,Cover,LOW,LOW,SLOW,0.55,0.9,0.8,,0.08,0.2,0.25,25,15,45,110,40,Perennial,0,0,0,,,,100.0,0.95,HIGH,MED,LOW,SPRINKLER,EST,EST,Mid-season,5.0,6.5,-10,20,32
Lawn,PLANT_BAHIA_GRASS,Bahia,Bahia Grass,Paspalum notatum,No,No,Leaf,Cover,LOW,LOW,MEDIUM,0.55,0.9,0.85,,0.1,0.4,0.25,25,15,45,110,40,Perennial,0,0,0,,,,100.0,0.95,MED,HIGH,HIGH,SPRINKLER,EST,EST,Mid-season,5.0,7.5,-5,22,35
Lawn,PLANT_WHITE_CLOVER,Trifoi alb,White Clover,Trifolium repens,No,No,Leaf/Crown,Cover,LOW,LOW,FAST,0.55,0.9,0.85,,0.1,0.3,0.3,30,15,40,100,40,Perennial,0,0,0,0.0,0.0,100.0,0.95,HIGH,LOW,LOW,SPRINKLER,EST,EST,Mid-season,6.0,7.0,-20,12,26
Lawn,PLANT_CREEPING_THYME,Cimbru tarator,Creeping Thyme,Thymus serpyllum,No,No,Leaf,Aromatic/Cover,LOW,LOW,FAST,0.45,0.7,0.65,,0.05,0.15,0.3,30,20,50,120,40,Perennial,0,0,0,0.0,0.0,100.0,0.9,HIGH,HIGH,LOW,DRIP,EST,EST,Flowering,6.0,8.0,-25,15,28
Lawn,PLANT_PERIWINKLE,Vinca,Vinca,Vinca minor,No,Yes,Leaf,Cover,LOW,LOW,MEDIUM,0.45,0.75,0.7,,0.05,0.2,0.35,35,25,60,150,70,Perennial,0,0,0,0.0,0.0,100.0,0.95,HIGH,MED,LOW,DRIP,EST,EST,None,6.0,7.5,-25,10,22
Lawn,PLANT_ORNAMENTAL_GRASS,Iarba ornamentala,Ornamental Grass,Miscanthus sinensis,No,No,Leaf,Ornamental,LOW,LOW,FAST,0.5,0.85,0.8,,0.4,0.8,0.4,40,30,70,160,60,Perennial,0,0,0,0.7,0.7,,0.9,LOW,HIGH,MED,SPRINKLER,EST,EST,Flowering,5.5,7.5,-20,15,30
Lawn,PLANT_CORAL_BELLS,Heuchera,Coral Bells,Heuchera spp.,No,No,Leaf,Ornamental,LOW,LOW,MEDIUM,0.55,0.85,0.8,,0.15,0.3,0.3,30,25,50,120,50,Perennial,0,0,0,0.4,0.4,,0.9,MED,LOW,LOW,DRIP,EST,EST,None,5.5,7.5,-25,12,24
Lawn,PLANT_GARDEN_FERN,Feriga gradina,Garden Fern,Dryopteris filix-mas,No,No,Leaf,Ornamental,LOW,LOW,MEDIUM,0.6,0.9,0.85,,0.15,0.3,0.35,35,25,60,160,60,Perennial,0,0,0,0.5,0.5,,0.9,HIGH,LOW,LOW,DRIP,EST,EST,None,5.0,6.5,-30,12,22
Shrub,PLANT_BOXWOOD,Cimisir,Boxwood,Buxus sempervirens,No,Yes,None,Hedge,LOW,HIGH,SLOW,0.45,0.7,0.7,,0.3,0.6,0.5,50,40,90,999,0,Perennial,0,0,0,0.4,0.4,,0.9,HIGH,MED,LOW,DRIP,EST,EST,None,6.5,7.5,-25,12,28
Shrub,PLANT_PRIVET,Ligustru,Privet,Ligustrum vulgare,No,No,None,Hedge,LOW,MEDIUM,FAST,0.5,0.8,0.75,,0.4,0.8,0.5,50,30,60,999,0,Perennial,0,0,0,0.5,0.4,,0.95,MED,LOW,LOW,DRIP,EST,EST,None,6.0,7.5,-25,15,30
Shrub,PLANT_CHERRY_LAUREL,Laur englez,Cherry Laurel,Prunus laurocerasus,No,Yes,None,Hedge,MEDIUM,MEDIUM,FAST,0.55,0.85,0.8,,0.6,1.2,0.5,50,30,70,999,0,Perennial,0,0,0,0.8,0.6,,0.95,MED,LOW,LOW,DRIP,EST,EST,None,6.0,7.5,-20,12,26
Shrub,PLANT_ROSEHIP,Maces,Rosehip,Rosa canina,No,No,Fruit/Flower,Medicinal,LOW,LOW,MEDIUM,0.5,0.85,0.75,,0.6,1.2,0.5,50,30,70,999,0,Perennial,0,0,0,1.5,1.5,,0.9,MED,MED,LOW,RAINFED,EST,EST,Flower/Fruit,5.5,7.5,-28,10,24
Shrub,PLANT_ELDERBERRY,Soc,Elderberry,Sambucus nigra,No,No,Fruit/Flower,Food/Medicinal,LOW,LOW,FAST,0.5,0.9,0.8,,0.6,1.5,0.5,50,30,80,999,0,Perennial,0,0,0,2.5,2.0,,0.9,MED,LOW,LOW,DRIP,EST,EST,Flower/Fruit,5.5,7.5,-25,12,26
Shrub,PLANT_SEA_BUCKTHORN,Catina,Sea Buckthorn,Hippophae rhamnoides,No,No,Fruit,Medicinal,LOW,LOW,MEDIUM,0.45,0.85,0.75,,0.6,1.5,0.6,60,30,80,999,0,Perennial,0,0,0,3.0,2.0,,0.85,LOW,HIGH,HIGH,DRIP,EST,EST,Fruit set,6.0,8.0,-35,12,28
Shrub,PLANT_ARONIA,Aronia,Chokeberry,Aronia melanocarpa,No,No,Fruit,Medicinal,LOW,LOW,MEDIUM,0.45,0.9,0.8,,0.5,1.2,0.5,50,30,70,999,0,Perennial,0,0,0,2.0,1.5,,0.9,MED,MED,LOW,DRIP,EST,EST,Flower/Fruit,5.0,7.0,-34,12,24
Shrub,PLANT_FIRETHORN,Piracanta,Firethorn,Pyracantha coccinea,No,Yes,None,Hedge/Ornamental,LOW,MEDIUM,FAST,0.45,0.8,0.75,,0.5,1.0,0.5,50,30,80,999,0,Perennial,0,0,0,0.6,0.6,,0.9,MED,HIGH,MED,DRIP,EST,EST,None,6.0,7.5,-20,12,28
Shrub,PLANT_BARBERRY,Dracila,Barberry,Berberis thunbergii,No,Yes,None,Hedge/Ornamental,LOW,MEDIUM,MEDIUM,0.45,0.8,0.75,,0.4,0.8,0.5,50,25,70,999,0,Perennial,0,0,0,0.5,0.5,,0.9,MED,MED,LOW,DRIP,EST,EST,None,6.0,7.5,-28,12,26
Shrub,PLANT_CURRANT,Coacaz,Currant,Ribes rubrum,No,No,Fruit,Food,MEDIUM,LOW,MEDIUM,0.45,0.9,0.75,,0.5,1.2,0.5,50,25,60,110,30,Perennial,0,0,0,2.0,1.2,,0.9,MED,LOW,LOW,DRIP,EST,EST,Flower/Fruit set,5.5,7.0,-28,12,24
Shrub,PLANT_GOOSEBERRY,Agris,Gooseberry,Ribes uva-crispa,No,No,Fruit,Food,MEDIUM,LOW,MEDIUM,0.45,0.9,0.75,,0.5,1.0,0.5,50,25,60,110,30,Perennial,0,0,0,1.8,1.2,,0.9,MED,LOW,LOW,DRIP,EST,EST,Flower/Fruit set,5.5,7.0,-28,12,24
Shrub,PLANT_BLACKCURRANT,Coacaz negru,Blackcurrant,Ribes nigrum,No,No,Fruit,Food,MEDIUM,LOW,MEDIUM,0.45,0.9,0.75,,0.5,1.2,0.5,50,25,60,110,30,Perennial,0,0,0,2.0,1.2,,0.9,MED,LOW,LOW,DRIP,EST,EST,Flower/Fruit set,5.5,7.0,-28,12,24
Shrub,PLANT_RASPBERRY_CANEBED,Zmeur pat,Raspberry (bed),Rubus idaeus (bed),No,No,Fruit,Food,MEDIUM,LOW,FAST,0.45,0.95,0.8,,0.4,1.0,0.4,40,25,50,80,40,Perennial,0,0,2,0.5,0.3,,0.9,MED,LOW,LOW,DRIP,EST,EST,Flower/Berry fill,5.5,6.5,-25,14,26
Indoor,PLANT_CALATHEA,Calathea,Calathea,Calathea roseopicta,Yes,Yes,None,Ornamental,MEDIUM,LOW,MEDIUM,0.6,0.8,0.8,,0.15,0.4,0.5,50,0,0,999,0,Perennial,0,0,0,,,,,0.0,HIGH,LOW,LOW,MANUAL,EST,EST,None,6.0,7.0,18,18,26
Indoor,PLANT_ORCHID,Orhidee,Orchid (Phalaenopsis),Phalaenopsis sp.,Yes,No,None,Ornamental,LOW,LOW,SLOW,0.6,0.75,0.75,,0.1,0.25,0.5,50,0,0,999,0,Perennial,0,0,0,,,,,0.0,HIGH,LOW,LOW,MANUAL,EST,EST,Flowering,5.5,6.5,18,18,25
Indoor,PLANT_YUCCA_INDOOR,Yucca interior,Yucca (indoor),Yucca gigantea,Yes,No,None,Ornamental,LOW,LOW,SLOW,0.4,0.55,0.55,,0.3,0.7,0.5,50,0,0,999,0,Perennial,0,0,0,,,,,0.0,MED,HIGH,LOW,MANUAL,EST,EST,None,6.0,7.5,10,18,30
Indoor,PLANT_AGLAONEMA,Aglaonema,Aglaonema,Aglaonema commutatum,Yes,Yes,None,Ornamental,LOW,LOW,MEDIUM,0.55,0.7,0.7,,0.15,0.3,0.5,50,0,0,999,0,Perennial,0,0,0,,,,,0.0,HIGH,LOW,LOW,MANUAL,EST,EST,None,5.5,6.5,18,18,26
Indoor,PLANT_BROMELIAD,Bromelia,Bromeliad,Guzmania lingulata,Yes,No,None,Ornamental,LOW,LOW,MEDIUM,0.55,0.7,0.7,,0.1,0.2,0.5,50,0,0,999,0,Perennial,0,0,0,,,,,0.0,HIGH,LOW,LOW,MANUAL,EST,EST,None,5.0,6.5,18,20,28
Indoor,PLANT_TRADESCANTIA,Tradescantia,Tradescantia,Tradescantia zebrina,Yes,No,None,Ornamental,LOW,LOW,FAST,0.55,0.75,0.75,,0.1,0.3,0.5,50,0,0,999,0,Perennial,0,0,0,,,,,0.0,HIGH,LOW,LOW,MANUAL,EST,EST,None,5.5,7.0,16,18,28
Indoor,PLANT_MONEY_TREE,Arbore bani,Money Tree,Pachira aquatica,Yes,No,None,Ornamental,MEDIUM,LOW,MEDIUM,0.55,0.75,0.75,,0.3,0.8,0.5,50,0,0,999,0,Perennial,0,0,0,,,,,0.0,MED,MED,LOW,MANUAL,EST,EST,None,6.0,7.5,15,20,30
Indoor,PLANT_SCHEFFLERA,Schefflera,Schefflera,Schefflera arboricola,Yes,No,None,Ornamental,MEDIUM,LOW,MEDIUM,0.55,0.75,0.75,,0.3,0.9,0.5,50,0,0,999,0,Perennial,0,0,0,,,,,0.0,MED,LOW,LOW,MANUAL,EST,EST,None,6.0,7.5,15,20,30
Indoor,PLANT_HOYA,Hoya,Hoya,Hoya carnosa,Yes,No,None,Ornamental,LOW,LOW,SLOW,0.5,0.65,0.65,,0.2,0.5,0.5,50,0,0,999,0,Perennial,0,0,0,,,,,0.0,MED,LOW,LOW,MANUAL,EST,EST,Flowering,6.0,7.5,15,20,30
Indoor,PLANT_TILLANDSIA,Tillandsia,Air Plant,Tillandsia ionantha,Yes,No,None,Ornamental,LOW,LOW,SLOW,0.4,0.55,0.55,,0.02,0.05,0.4,40,0,0,999,0,Perennial,0,0,0,,,,,0.0,HIGH,HIGH,LOW,MANUAL,EST,EST,None,5.5,7.5,15,20,30
Succulent,PLANT_ECHEVERIA,Echeveria,Echeveria,Echeveria elegans,Yes,No,None,Ornamental,LOW,LOW,SLOW,0.25,0.45,0.35,,0.1,0.25,0.6,60,0,0,999,0,Perennial,0,0,0,0.15,0.15,,0.9,LOW,HIGH,LOW,DRIP,EST,EST,None,6.0,7.5,2,18,30
Succulent,PLANT_HAWORTHIA,Haworthia,Haworthia,Haworthia fasciata,Yes,No,None,Ornamental,LOW,LOW,SLOW,0.25,0.4,0.35,,0.05,0.15,0.6,60,0,0,999,0,Perennial,0,0,0,0.15,0.15,,0.9,LOW,HIGH,LOW,MANUAL,EST,EST,None,6.0,7.5,5,18,28
Succulent,PLANT_LITHOPS,Lithops,Lithops,Lithops spp.,Yes,No,None,Ornamental,LOW,LOW,VERY_SLOW,0.2,0.35,0.3,,0.03,0.1,0.65,65,0,0,999,0,Perennial,0,0,0,0.05,0.05,,0.9,LOW,HIGH,LOW,MANUAL,EST,EST,None,6.0,7.5,5,18,30
Succulent,PLANT_PONYTAIL_PALM,Palmier coada cal,Ponytail Palm,Beaucarnea recurvata,Yes,No,None,Ornamental,LOW,LOW,SLOW,0.25,0.45,0.4,,0.2,0.6,0.65,65,0,0,999,0,Perennial,0,0,0,0.4,0.4,,0.8,LOW,HIGH,LOW,DRIP,EST,EST,None,6.0,7.5,5,20,34
Succulent,PLANT_WAX_PLANT,Floare ceara,Wax Plant,Hoya carnosa (succ),Yes,No,None,Ornamental,LOW,LOW,SLOW,0.25,0.45,0.4,,0.2,0.5,0.6,60,0,0,999,0,Perennial,0,0,0,0.3,0.3,,0.85,LOW,HIGH,LOW,DRIP,EST,EST,Flowering,6.0,7.5,10,18,30
Succulent,PLANT_AIR_PLANT,Planta aer,Airl Plant,Tillandsia spp.,Yes,No,None,Ornamental,LOW,LOW,SLOW,0.2,0.35,0.35,,0.02,0.05,0.5,50,0,0,999,0,Perennial,0,0,0,0.0,0.0,100.0,0.8,HIGH,HIGH,LOW,MANUAL,EST,EST,None,5.5,7.5,10,18,30
